category,asset_name,source_url,bytes,output_file
fonts,ufonts_888fcd_86491c1ffad84869a23bf64d222f7c5d.ttf,https://static.wixstatic.com/ufonts/888fcd_86491c1ffad84869a23bf64d222f7c5d/ttf/file.ttf,184628,/Users/oliver/Documents/New project/wix-export-20260528-clean/organized_dedup/fonts/e95eb3c728_ufonts_888fcd_86491c1ffad84869a23bf64d222f7c5d.ttf
fonts,ufonts_888fcd_bf9f035a936944e0b4a5af39fcdcf4d1.ttf,https://static.wixstatic.com/ufonts/888fcd_bf9f035a936944e0b4a5af39fcdcf4d1/ttf/file.ttf,187304,/Users/oliver/Documents/New project/wix-export-20260528-clean/organized_dedup/fonts/195f7105dd_ufonts_888fcd_bf9f035a936944e0b4a5af39fcdcf4d1.ttf
fonts,ufonts_8b565e_3e9cf08657a34cf1afc4aa4dee7333e8.ttf,https://static.wixstatic.com/ufonts/8b565e_3e9cf08657a34cf1afc4aa4dee7333e8/ttf/file.ttf,183760,/Users/oliver/Documents/New project/wix-export-20260528-clean/organized_dedup/fonts/92028efa0a_ufonts_8b565e_3e9cf08657a34cf1afc4aa4dee7333e8.ttf
fonts,ufonts_8b565e_87d89f3d257842ebb4e1e88c6ce59d83.ttf,https://static.wixstatic.com/ufonts/8b565e_87d89f3d257842ebb4e1e88c6ce59d83/ttf/file.ttf,184920,/Users/oliver/Documents/New project/wix-export-20260528-clean/organized_dedup/fonts/218f97a3aa_ufonts_8b565e_87d89f3d257842ebb4e1e88c6ce59d83.ttf
fonts,ufonts_8b565e_8d99849c5592478782098af215fe3581.ttf,https://static.wixstatic.com/ufonts/8b565e_8d99849c5592478782098af215fe3581/ttf/file.ttf,185464,/Users/oliver/Documents/New project/wix-export-20260528-clean/organized_dedup/fonts/3fcd821140_ufonts_8b565e_8d99849c5592478782098af215fe3581.ttf
fonts,ufonts_8b565e_e3c1088bf69b4ac899be3544a5852a4b.ttf,https://static.wixstatic.com/ufonts/8b565e_e3c1088bf69b4ac899be3544a5852a4b/ttf/file.ttf,180200,/Users/oliver/Documents/New project/wix-export-20260528-clean/organized_dedup/fonts/2fc5274fbc_ufonts_8b565e_e3c1088bf69b4ac899be3544a5852a4b.ttf
images,4ff282_22c05192e7c144228b3eba469cacdb11~mv2.png,https://static.wixstatic.com/media/4ff282_22c05192e7c144228b3eba469cacdb11~mv2.png,228612,/Users/oliver/Documents/New project/wix-export-20260528-clean/organized_dedup/images/52e1599a33_4ff282_22c05192e7c144228b3eba469cacdb11~mv2.png
images,4ff282_378ca57efb074ac2bb0e9577af2b0978~mv2.png,https://static.wixstatic.com/media/4ff282_378ca57efb074ac2bb0e9577af2b0978~mv2.png,317803,/Users/oliver/Documents/New project/wix-export-20260528-clean/organized_dedup/images/a9d8477ef3_4ff282_378ca57efb074ac2bb0e9577af2b0978~mv2.png
images,4ff282_40ca7ac9b3094636b33644227d0c01ff~mv2.png,https://static.wixstatic.com/media/4ff282_40ca7ac9b3094636b33644227d0c01ff~mv2.png/v1/fit/w_960%2Ch_720%2Cq_90%2Cenc_avif%2Cquality_auto/4ff282_40ca7ac9b3094636b33644227d0c01ff~mv2.png,42134,/Users/oliver/Documents/New project/wix-export-20260528-clean/organized_dedup/images/38469a4b59_4ff282_40ca7ac9b3094636b33644227d0c01ff~mv2.png
images,4ff282_498ae914600e4cb4a69974da1676e8d9~mv2.png,https://static.wixstatic.com/media/4ff282_498ae914600e4cb4a69974da1676e8d9~mv2.png,321939,/Users/oliver/Documents/New project/wix-export-20260528-clean/organized_dedup/images/fd894dd30b_4ff282_498ae914600e4cb4a69974da1676e8d9~mv2.png
images,4ff282_5409db6a40924ddf9e99c6944a290821~mv2.png,https://static.wixstatic.com/media/4ff282_5409db6a40924ddf9e99c6944a290821~mv2.png,135832,/Users/oliver/Documents/New project/wix-export-20260528-clean/organized_dedup/images/3c22dc1efc_4ff282_5409db6a40924ddf9e99c6944a290821~mv2.png
images,4ff282_5e737b984966475bb0b722f06e2aca0e~mv2.png,https://static.wixstatic.com/media/4ff282_5e737b984966475bb0b722f06e2aca0e~mv2.png,709486,/Users/oliver/Documents/New project/wix-export-20260528-clean/organized_dedup/images/c4bf2b2ef6_4ff282_5e737b984966475bb0b722f06e2aca0e~mv2.png
images,4ff282_65651675508b43c2ad668f8d71e64009~mv2.png,https://static.wixstatic.com/media/4ff282_65651675508b43c2ad668f8d71e64009~mv2.png,172223,/Users/oliver/Documents/New project/wix-export-20260528-clean/organized_dedup/images/329e065831_4ff282_65651675508b43c2ad668f8d71e64009~mv2.png
images,4ff282_6d2daca7bfb046fd94815767186d2733~mv2.webp,https://static.wixstatic.com/media/4ff282_6d2daca7bfb046fd94815767186d2733~mv2.webp/v1/fill/w_100%2Ch_67%2Cal_c%2Cq_80%2Cusm_0.66_1.00_0.01%2Cblur_3%2Cenc_avif%2Cquality_auto/4ff282_6d2daca7bfb046fd94815767186d2733~mv2.webp,1258,/Users/oliver/Documents/New project/wix-export-20260528-clean/organized_dedup/images/35466858f6_4ff282_6d2daca7bfb046fd94815767186d2733~mv2.webp
images,4ff282_876d41503bc446ba8bb89a7047ad8bbb~mv2.jpeg,https://static.wixstatic.com/media/4ff282_876d41503bc446ba8bb89a7047ad8bbb~mv2.jpeg/v1/fill/w_100%2Ch_67%2Cal_c%2Cq_80%2Cusm_0.66_1.00_0.01%2Cblur_3%2Cenc_avif%2Cquality_auto/4ff282_876d41503bc446ba8bb89a7047ad8bbb~mv2.jpeg,1773,/Users/oliver/Documents/New project/wix-export-20260528-clean/organized_dedup/images/82403b1046_4ff282_876d41503bc446ba8bb89a7047ad8bbb~mv2.jpeg
images,4ff282_affc0c51a4ab4197b78bc40db25574f3~mv2.png,https://static.wixstatic.com/media/4ff282_affc0c51a4ab4197b78bc40db25574f3~mv2.png,192974,/Users/oliver/Documents/New project/wix-export-20260528-clean/organized_dedup/images/2a1670f73e_4ff282_affc0c51a4ab4197b78bc40db25574f3~mv2.png
images,4ff282_c10d8e28f9a64e178796cfdde94b06a9~mv2.png,https://static.wixstatic.com/media/4ff282_c10d8e28f9a64e178796cfdde94b06a9~mv2.png,419889,/Users/oliver/Documents/New project/wix-export-20260528-clean/organized_dedup/images/b0981295fe_4ff282_c10d8e28f9a64e178796cfdde94b06a9~mv2.png
images,4ff282_ca54c95a6f8b4dea968842c401e50ca3~mv2.png,https://static.wixstatic.com/media/4ff282_ca54c95a6f8b4dea968842c401e50ca3~mv2.png,936770,/Users/oliver/Documents/New project/wix-export-20260528-clean/organized_dedup/images/1166ca0251_4ff282_ca54c95a6f8b4dea968842c401e50ca3~mv2.png
images,4ff282_d5f30aaa1e27453c82b2955d45da7fba~mv2.png,https://static.wixstatic.com/media/4ff282_d5f30aaa1e27453c82b2955d45da7fba~mv2.png,17423,/Users/oliver/Documents/New project/wix-export-20260528-clean/organized_dedup/images/5a3fa7a20a_4ff282_d5f30aaa1e27453c82b2955d45da7fba~mv2.png
images,4ff282_dace3fc48d064040ad46c308905e49a7~mv2.png,https://static.wixstatic.com/media/4ff282_dace3fc48d064040ad46c308905e49a7~mv2.png,473612,/Users/oliver/Documents/New project/wix-export-20260528-clean/organized_dedup/images/e702c50e32_4ff282_dace3fc48d064040ad46c308905e49a7~mv2.png
images,4ff282_f1798a0d8b374d76a59df0f09ca7ef88~mv2.png,https://static.wixstatic.com/media/4ff282_f1798a0d8b374d76a59df0f09ca7ef88~mv2.png,504404,/Users/oliver/Documents/New project/wix-export-20260528-clean/organized_dedup/images/0080a4a3f8_4ff282_f1798a0d8b374d76a59df0f09ca7ef88~mv2.png
images,4ff282_f5dd51a5f90a48f18c0cadbc0a29814b~mv2.png,https://static.wixstatic.com/media/4ff282_f5dd51a5f90a48f18c0cadbc0a29814b~mv2.png,792844,/Users/oliver/Documents/New project/wix-export-20260528-clean/organized_dedup/images/9b1f1ee994_4ff282_f5dd51a5f90a48f18c0cadbc0a29814b~mv2.png
images,558159705_122162339252427340_8217230936412533971_n.jpg,https://static.wixstatic.com/media/4ff282_6d88025bdc89427b81d1309c40ff26e4~mv2.jpg/v1/crop/x_42%2Cy_175%2Cw_641%2Ch_627/fill/w_128%2Ch_125%2Cal_c%2Cq_80%2Cusm_0.66_1.00_0.01%2Cblur_2%2Cenc_avif%2Cquality_auto/558159705_122162339252427340_8217230936412533971_n.jpg,4740,/Users/oliver/Documents/New project/wix-export-20260528-clean/organized_dedup/images/09ade06ccf_558159705_122162339252427340_8217230936412533971_n.jpg
images,7fe14c5699f1272b13844330bea78567.jpg,https://static.wixstatic.com/media/4ff282_4adc48273eaf4003b2fe931cb95b013f~mv2.jpg/v1/fill/w_147%2Ch_221%2Cal_c%2Cq_80%2Cusm_0.66_1.00_0.01%2Cblur_2%2Cenc_avif%2Cquality_auto/7fe14c5699f1272b13844330bea78567.jpg,6841,/Users/oliver/Documents/New project/wix-export-20260528-clean/organized_dedup/images/f3690d07ea_7fe14c5699f1272b13844330bea78567.jpg
images,A_man_having_message_treatment.jpeg,https://static.wixstatic.com/media/11062b_d634754c3bcf467c86e412e63256f573~mv2.jpeg/v1/fill/w_147%2Ch_98%2Cal_c%2Cq_80%2Cusm_0.66_1.00_0.01%2Cblur_2%2Cenc_avif%2Cquality_auto/A%20man%20having%20message%20treatment.jpeg,3416,/Users/oliver/Documents/New project/wix-export-20260528-clean/organized_dedup/images/353b1ebcff_A_man_having_message_treatment.jpeg
images,Back_Pain_edited_edited.jpg,https://static.wixstatic.com/media/4ff282_5c6910d9d94c4499afea05e63bd4f7b2~mv2.jpg/v1/fill/w_147%2Ch_107%2Cal_c%2Cq_80%2Cusm_0.66_1.00_0.01%2Cblur_2%2Cenc_auto/Back%20Pain_edited_edited.jpg,2554,/Users/oliver/Documents/New project/wix-export-20260528-clean/organized_dedup/images/ea20ba3251_Back_Pain_edited_edited.jpg
images,Blog-Lumbar-Belt-to-Treat-Back-Pain-and-Not-Just-Ease-It_copy.png,https://static.wixstatic.com/media/4ff282_ff4aa0aca0da498685bf338c4ec59744~mv2.png/v1/fill/w_49%2Ch_40%2Cal_c%2Cq_85%2Cusm_0.66_1.00_0.01%2Cblur_2%2Cenc_avif%2Cquality_auto/Blog-Lumbar-Belt-to-Treat-Back-Pain-and-Not-Just-Ease-It%20copy.png,5253,/Users/oliver/Documents/New project/wix-export-20260528-clean/organized_dedup/images/856409fa6e_Blog-Lumbar-Belt-to-Treat-Back-Pain-and-Not-Just-Ease-It_copy.png
images,ChinesePaintingDragonGods_Cropped_copy.png,https://static.wixstatic.com/media/4ff282_e034ff19d8764a91b33bf60248f400f4~mv2.png/v1/fill/w_46%2Ch_45%2Cal_c%2Cq_85%2Cusm_0.66_1.00_0.01%2Cblur_2%2Cenc_auto/ChinesePaintingDragonGods_Cropped%20copy.png,5418,/Users/oliver/Documents/New project/wix-export-20260528-clean/organized_dedup/images/4ba62b9d43_ChinesePaintingDragonGods_Cropped_copy.png
images,Cupping_Treatment.jpg,https://static.wixstatic.com/media/11062b_50823653f9bb4794a1410e88fff3b6c6~mv2.jpg/v1/fill/w_147%2Ch_98%2Cal_c%2Cq_80%2Cusm_0.66_1.00_0.01%2Cblur_2%2Cenc_avif%2Cquality_auto/Cupping%20Treatment.jpg,2956,/Users/oliver/Documents/New project/wix-export-20260528-clean/organized_dedup/images/eb4d0dc3fa_Cupping_Treatment.jpg
images,DrAD_Medicine_Bottles_2026_Development_v7_Web_copy.png,https://static.wixstatic.com/media/4ff282_dace3fc48d064040ad46c308905e49a7~mv2.png/v1/crop/x_0%2Cy_995%2Cw_3869%2Ch_1842/fill/w_1618%2Ch_772%2Cfp_0.50_0.50%2Cq_90%2Cusm_0.66_1.00_0.01%2Cenc_avif%2Cquality_auto/DrAD_Medicine_Bottles_2026_Development_v7_Web%20copy.png,427617,/Users/oliver/Documents/New project/wix-export-20260528-clean/organized_dedup/images/f925189265_DrAD_Medicine_Bottles_2026_Development_v7_Web_copy.png
images,DrAd_Ad_Pregnant_Beauty_Shot_Studio_shutterstock_2646142001_Cut_Coloured_BlankForPage_Cut_.png,https://static.wixstatic.com/media/4ff282_b2c995a19e4c41f7aa4a201826e6a84f~mv2.png/v1/fill/w_49%2Ch_39%2Cal_c%2Cq_85%2Cusm_0.66_1.00_0.01%2Cblur_2%2Cenc_auto/DrAd_Ad_Pregnant_Beauty_Shot_Studio_shutterstock_2646142001_Cut_Coloured_BlankForPage_Cut_.png,4020,/Users/oliver/Documents/New project/wix-export-20260528-clean/organized_dedup/images/e040c5b912_DrAd_Ad_Pregnant_Beauty_Shot_Studio_shutterstock_2646142001_Cut_Coloured_BlankForPage_Cut_.png
images,Face_Roller.jpg,https://static.wixstatic.com/media/a382886ed8c34e9e91b5cc4c1383682f.jpg/v1/fill/w_147%2Ch_98%2Cal_c%2Cq_80%2Cusm_0.66_1.00_0.01%2Cblur_2%2Cenc_avif%2Cquality_auto/Face%20Roller.jpg,3137,/Users/oliver/Documents/New project/wix-export-20260528-clean/organized_dedup/images/c5b0e621bb_Face_Roller.jpg
images,Football_istockphoto-532325780-2048x2048_Coloured_5_copy.png,https://static.wixstatic.com/media/4ff282_f5dd51a5f90a48f18c0cadbc0a29814b~mv2.png/v1/crop/x_182%2Cy_680%2Cw_2224%2Ch_1059/fill/w_1618%2Ch_772%2Cfp_0.50_0.50%2Cq_90%2Cusm_0.66_1.00_0.01%2Cenc_avif%2Cquality_auto/Football_istockphoto-532325780-2048x2048_Coloured_5%20copy.png,593662,/Users/oliver/Documents/New project/wix-export-20260528-clean/organized_dedup/images/e6a2cbd93d_Football_istockphoto-532325780-2048x2048_Coloured_5_copy.png
images,Lilac_PlankGoogle_Version_2_copy_Flip.png,https://static.wixstatic.com/media/4ff282_378ca57efb074ac2bb0e9577af2b0978~mv2.png/v1/crop/x_59%2Cy_460%2Cw_1819%2Ch_866/fill/w_1618%2Ch_772%2Cfp_0.50_0.50%2Cq_90%2Cusm_0.66_1.00_0.01%2Cenc_avif%2Cquality_auto/Lilac_PlankGoogle_Version_2%20copy_Flip.png,417687,/Users/oliver/Documents/New project/wix-export-20260528-clean/organized_dedup/images/ed3255828d_Lilac_PlankGoogle_Version_2_copy_Flip.png
images,Lilac_Superman__Flip.png,https://static.wixstatic.com/media/4ff282_c10d8e28f9a64e178796cfdde94b06a9~mv2.png/v1/crop/x_0%2Cy_574%2Cw_1999%2Ch_951/fill/w_1618%2Ch_772%2Cfp_0.50_0.50%2Cq_90%2Cusm_0.66_1.00_0.01%2Cenc_avif%2Cquality_auto/Lilac_Superman_%20Flip.png,462905,/Users/oliver/Documents/New project/wix-export-20260528-clean/organized_dedup/images/ea6a7c2eda_Lilac_Superman__Flip.png
images,Man_Back_shutterstock_2408261523_50pc_Wider_copy.png,https://static.wixstatic.com/media/4ff282_57c8a7c10a034a63a8a7407fe08ad2d0~mv2.png/v1/fill/w_49%2Ch_49%2Cal_c%2Cq_85%2Cusm_0.66_1.00_0.01%2Cblur_2%2Cenc_auto/Man_Back_shutterstock_2408261523_50pc_Wider%20copy.png,5158,/Users/oliver/Documents/New project/wix-export-20260528-clean/organized_dedup/images/ddef72f42e_Man_Back_shutterstock_2408261523_50pc_Wider_copy.png
images,Nose_Band_Model_Green_copy.png,https://static.wixstatic.com/media/4ff282_9d68d069e1fc414a94d2946e9b1916c2~mv2.png/v1/fill/w_49%2Ch_66%2Cal_c%2Cq_85%2Cusm_0.66_1.00_0.01%2Cblur_2%2Cenc_auto/Nose_Band_Model_Green%20copy.png,10884,/Users/oliver/Documents/New project/wix-export-20260528-clean/organized_dedup/images/8d4d81e600_Nose_Band_Model_Green_copy.png
images,Pregnancy_Hands_Womens_HealthiStock-1366468183_copy.jpg,https://static.wixstatic.com/media/4ff282_cd4bcef12e18463cb3a610605b139e7b~mv2.jpg/v1/fill/w_147%2Ch_90%2Cal_c%2Cq_80%2Cusm_0.66_1.00_0.01%2Cblur_2%2Cenc_avif%2Cquality_auto/Pregnancy_Hands_Womens_HealthiStock-1366468183%20copy.jpg,2647,/Users/oliver/Documents/New project/wix-export-20260528-clean/organized_dedup/images/526d7b9949_Pregnancy_Hands_Womens_HealthiStock-1366468183_copy.jpg
images,Pressure_Point_Massage.jpeg,https://static.wixstatic.com/media/11062b_701ecff590564465a24fc9c5f63f848a~mv2.jpeg/v1/crop/x_511%2Cy_0%2Cw_2682%2Ch_2044/fill/w_106%2Ch_81%2Cal_c%2Cq_80%2Cusm_0.66_1.00_0.01%2Cblur_2%2Cenc_avif%2Cquality_auto/Pressure%20Point%20Massage.jpeg,3106,/Users/oliver/Documents/New project/wix-export-20260528-clean/organized_dedup/images/2ab7fa45aa_Pressure_Point_Massage.jpeg
images,Spilling_Sand.jpg,https://static.wixstatic.com/media/11062b_27f3028bea054adba68155403146d7d0~mv2.jpg/v1/fill/w_147%2Ch_98%2Cal_c%2Cq_80%2Cusm_0.66_1.00_0.01%2Cblur_2%2Cenc_auto/Spilling%20Sand.jpg,2885,/Users/oliver/Documents/New project/wix-export-20260528-clean/organized_dedup/images/993011f95e_Spilling_Sand.jpg
images,Traditional_Medicine_Cabinet.jpg,https://static.wixstatic.com/media/ad439a36b98e46a88497732324a4deeb.jpg/v1/fill/w_147%2Ch_98%2Cal_c%2Cq_80%2Cusm_0.66_1.00_0.01%2Cblur_2%2Cenc_avif%2Cquality_auto/Traditional%20Medicine%20Cabinet.jpg,3139,/Users/oliver/Documents/New project/wix-export-20260528-clean/organized_dedup/images/adf9130e5d_Traditional_Medicine_Cabinet.jpg
images,Wix_Back_Edited_v1_wider_smaller_Girl_Hunched_Girl_New_Green_Cutouts_Only_Nude_Cross_Legs_.png,https://static.wixstatic.com/media/4ff282_498ae914600e4cb4a69974da1676e8d9~mv2.png/v1/crop/x_0%2Cy_115%2Cw_1465%2Ch_697/fill/w_1461%2Ch_697%2Cfp_0.50_0.50%2Cq_90%2Cenc_avif%2Cquality_auto/Wix_Back_Edited_v1_wider_smaller_Girl_Hunched_Girl_New_Green_Cutouts_Only_Nude_Cross_Legs_.png,309074,/Users/oliver/Documents/New project/wix-export-20260528-clean/organized_dedup/images/99e5108c74_Wix_Back_Edited_v1_wider_smaller_Girl_Hunched_Girl_New_Green_Cutouts_Only_Nude_Cross_Legs_.png
images,Zen_Garden.jpg,https://static.wixstatic.com/media/11062b_be74cfce0d87477fa99cd27a3e7c9e3b~mv2.jpg/v1/fill/w_147%2Ch_98%2Cal_c%2Cq_80%2Cusm_0.66_1.00_0.01%2Cblur_2%2Cenc_avif%2Cquality_auto/Zen%20Garden.jpg,2344,/Users/oliver/Documents/New project/wix-export-20260528-clean/organized_dedup/images/e0ad4697de_Zen_Garden.jpg
images,Zen_Garden_with_Stones.jpg,https://static.wixstatic.com/media/11062b_a357dd9ea48147a592e1778c949eaa37~mv2.jpg/v1/fill/w_147%2Ch_98%2Cal_c%2Cq_80%2Cusm_0.66_1.00_0.01%2Cblur_2%2Cenc_auto/Zen%20Garden%20with%20Stones.jpg,1851,/Users/oliver/Documents/New project/wix-export-20260528-clean/organized_dedup/images/4423ca352a_Zen_Garden_with_Stones.jpg
images,athlet-profisportlerin-rueckenschmerz__1.bin,https://static.wixstatic.com/media/4ff282_323145d349b84afb88b27549e30ed97e~mv2.png/v1/fill/w_49%2Ch_49%2Cal_c%2Cq_85%2Cusm_0.66_1.00_0.01%2Cblur_2%2Cenc_avif%2Cquality_auto/athlet-profisportlerin-rueckenschmerz%20(1,5784,/Users/oliver/Documents/New project/wix-export-20260528-clean/organized_dedup/images/3619c7d956_athlet-profisportlerin-rueckenschmerz__1.bin
images,c837a6_427102c2cc2a4d49b25e13b21832f499~mv2.png,https://static.wixstatic.com/media/c837a6_427102c2cc2a4d49b25e13b21832f499~mv2.png/v1/fit/w_692%2Ch_519%2Cq_90%2Cenc_avif%2Cquality_auto/c837a6_427102c2cc2a4d49b25e13b21832f499~mv2.png,15655,/Users/oliver/Documents/New project/wix-export-20260528-clean/organized_dedup/images/f7de75c6a7_c837a6_427102c2cc2a4d49b25e13b21832f499~mv2.png
images,c837a6_5aa9cfc44ee94d70b308ef817b548d12~mv2.png,https://static.wixstatic.com/media/c837a6_5aa9cfc44ee94d70b308ef817b548d12~mv2.png/v1/fit/w_692%2Ch_519%2Cq_90%2Cenc_avif%2Cquality_auto/c837a6_5aa9cfc44ee94d70b308ef817b548d12~mv2.png,17601,/Users/oliver/Documents/New project/wix-export-20260528-clean/organized_dedup/images/dfb6f3c321_c837a6_5aa9cfc44ee94d70b308ef817b548d12~mv2.png
images,c837a6_5da70eda3cf74491a2eed99a6cfa09df~mv2.png,https://static.wixstatic.com/media/c837a6_5da70eda3cf74491a2eed99a6cfa09df~mv2.png/v1/fit/w_692%2Ch_519%2Cq_90%2Cenc_avif%2Cquality_auto/c837a6_5da70eda3cf74491a2eed99a6cfa09df~mv2.png,9494,/Users/oliver/Documents/New project/wix-export-20260528-clean/organized_dedup/images/e7dbb60115_c837a6_5da70eda3cf74491a2eed99a6cfa09df~mv2.png
images,c837a6_623a34e85fda4da2b89cfd12c6d43076~mv2.png,https://static.wixstatic.com/media/c837a6_623a34e85fda4da2b89cfd12c6d43076~mv2.png/v1/fit/w_692%2Ch_519%2Cq_90%2Cenc_avif%2Cquality_auto/c837a6_623a34e85fda4da2b89cfd12c6d43076~mv2.png,19790,/Users/oliver/Documents/New project/wix-export-20260528-clean/organized_dedup/images/6829a6adde_c837a6_623a34e85fda4da2b89cfd12c6d43076~mv2.png
images,c837a6_d21ff80938ed4ed9acffeb9248f132d0~mv2.png,https://static.wixstatic.com/media/c837a6_d21ff80938ed4ed9acffeb9248f132d0~mv2.png/v1/fit/w_692%2Ch_519%2Cq_90%2Cenc_avif%2Cquality_auto/c837a6_d21ff80938ed4ed9acffeb9248f132d0~mv2.png,10634,/Users/oliver/Documents/New project/wix-export-20260528-clean/organized_dedup/images/cafd2e8bd3_c837a6_d21ff80938ed4ed9acffeb9248f132d0~mv2.png
images,iStock-1083702924_edited.jpg,https://static.wixstatic.com/media/4ff282_4c8a5d3b53814f66be0f6918d2b3ac02~mv2.jpg/v1/fill/w_147%2Ch_98%2Cal_c%2Cq_80%2Cusm_0.66_1.00_0.01%2Cblur_2%2Cenc_avif%2Cquality_auto/iStock-1083702924_edited.jpg,2781,/Users/oliver/Documents/New project/wix-export-20260528-clean/organized_dedup/images/a375645193_iStock-1083702924_edited.jpg
images,iStock-Hotty_Plank_1150246541_1645417878879_Flipped_50pc_copy.png,https://static.wixstatic.com/media/4ff282_5e737b984966475bb0b722f06e2aca0e~mv2.png/v1/crop/x_0%2Cy_427%2Cw_2288%2Ch_1089/fill/w_1618%2Ch_772%2Cfp_0.50_0.50%2Cq_90%2Cusm_0.66_1.00_0.01%2Cenc_avif%2Cquality_auto/iStock-Hotty_Plank_1150246541_1645417878879_Flipped_50pc%20copy.png,447982,/Users/oliver/Documents/New project/wix-export-20260528-clean/organized_dedup/images/0c5232c977_iStock-Hotty_Plank_1150246541_1645417878879_Flipped_50pc_copy.png
images,istockphoto-2220756344-2048x2048_4_Yellow_Ball_Spin_New_Cropped_Out_copy.png,https://static.wixstatic.com/media/4ff282_f1798a0d8b374d76a59df0f09ca7ef88~mv2.png/v1/crop/x_1%2Cy_806%2Cw_2117%2Ch_1008/fill/w_1618%2Ch_772%2Cfp_0.50_0.50%2Cq_90%2Cusm_0.66_1.00_0.01%2Cenc_avif%2Cquality_auto/istockphoto-2220756344-2048x2048_4_Yellow_Ball_Spin_New_Cropped_Out%20copy.png,481414,/Users/oliver/Documents/New project/wix-export-20260528-clean/organized_dedup/images/ed7fb4b3b6_istockphoto-2220756344-2048x2048_4_Yellow_Ball_Spin_New_Cropped_Out_copy.png
images,majestic-ancient-oak-tree-with-broad-canopy-twisting-branches-against-white-backdrop_38013.png,https://static.wixstatic.com/media/4ff282_d2c76d8ca3ef41da895efe3270d545b5~mv2.png/v1/fill/w_49%2Ch_30%2Cal_c%2Cq_85%2Cusm_0.66_1.00_0.01%2Cblur_2%2Cenc_avif%2Cquality_auto/majestic-ancient-oak-tree-with-broad-canopy-twisting-branches-against-white-backdrop_38013.png,5154,/Users/oliver/Documents/New project/wix-export-20260528-clean/organized_dedup/images/ca8f847e98_majestic-ancient-oak-tree-with-broad-canopy-twisting-branches-against-white-backdrop_38013.png
images,shahar__hauon_1_2_Smaller_Smaller_SmallerCrop_w_Shadow_Smaller__Smaller_Lighter_v3_copy_pn.png,https://static.wixstatic.com/media/4ff282_ca54c95a6f8b4dea968842c401e50ca3~mv2.png/v1/crop/x_7%2Cy_1054%2Cw_3220%2Ch_1533/fill/w_1618%2Ch_772%2Cfp_0.50_0.50%2Cq_90%2Cusm_0.66_1.00_0.01%2Cenc_avif%2Cquality_auto/shahar__hauon%201_2_Smaller_Smaller_SmallerCrop_w_Shadow_Smaller%20_Smaller_Lighter_v3%20copy_pn.png,356998,/Users/oliver/Documents/New project/wix-export-20260528-clean/organized_dedup/images/313360207f_shahar__hauon_1_2_Smaller_Smaller_SmallerCrop_w_Shadow_Smaller__Smaller_Lighter_v3_copy_pn.png
images,venerable-chinese-sage-stockcake_Crop_copy.png,https://static.wixstatic.com/media/4ff282_d2ef611b660f4bdf828226957705ecbf~mv2.png/v1/fill/w_81%2Ch_124%2Cal_c%2Cq_85%2Cusm_0.66_1.00_0.01%2Cblur_2%2Cenc_avif%2Cquality_auto/venerable-chinese-sage-stockcake_Crop%20copy.png,20579,/Users/oliver/Documents/New project/wix-export-20260528-clean/organized_dedup/images/3acce88116_venerable-chinese-sage-stockcake_Crop_copy.png
logos,DRA_Logo_2025_Headline_2_Web.png,https://static.wixstatic.com/media/4ff282_27a43beb59a4467b91a44f6b44974bff~mv2.png/v1/fill/w_49%2Ch_9%2Cal_c%2Cq_85%2Cusm_0.66_1.00_0.01%2Cblur_2%2Cenc_avif%2Cquality_auto/DRA_Logo_2025_Headline_2_Web.png,1579,/Users/oliver/Documents/New project/wix-export-20260528-clean/organized_dedup/logos/c049d34c1e_DRA_Logo_2025_Headline_2_Web.png
logos,DRA_Logo_2025_Headline_2_Web_Green_White.png,https://static.wixstatic.com/media/4ff282_d5f30aaa1e27453c82b2955d45da7fba~mv2.png/v1/crop/x_4%2Cy_0%2Cw_1124%2Ch_213/fill/w_818%2Ch_155%2Cfp_0.50_0.50%2Cq_85%2Cusm_0.66_1.00_0.01%2Cenc_avif%2Cquality_auto/DRA_Logo_2025_Headline_2_Web_Green_White.png,52735,/Users/oliver/Documents/New project/wix-export-20260528-clean/organized_dedup/logos/1d0cfe9653_DRA_Logo_2025_Headline_2_Web_Green_White.png
logos,DRA_Logo_2025_Headline_2_Web_Grey_White.png,https://static.wixstatic.com/media/4ff282_59cd5f699f184439a949d8557e6d20eb~mv2.png/v1/fill/w_49%2Ch_9%2Cal_c%2Cq_85%2Cusm_0.66_1.00_0.01%2Cblur_2%2Cenc_avif%2Cquality_auto/DRA_Logo_2025_Headline_2_Web_Grey_White.png,1596,/Users/oliver/Documents/New project/wix-export-20260528-clean/organized_dedup/logos/a45c90a90f_DRA_Logo_2025_Headline_2_Web_Grey_White.png
logos,DRA_Logo_2025_Headlines_Rev_Thrive_Green_Grey.png,https://static.wixstatic.com/media/4ff282_d63613d24f2d4eed8d7b3cdd0b9aa47e~mv2.png/v1/fill/w_49%2Ch_12%2Cal_c%2Cq_85%2Cusm_0.66_1.00_0.01%2Cblur_2%2Cenc_avif%2Cquality_auto/DRA_Logo_2025_Headlines_Rev_Thrive_Green_Grey.png,2026,/Users/oliver/Documents/New project/wix-export-20260528-clean/organized_dedup/logos/dfc81db866_DRA_Logo_2025_Headlines_Rev_Thrive_Green_Grey.png
logos,DrAD_Traditional_Contemporary_v4-08_copy.png,https://static.wixstatic.com/media/4ff282_22c05192e7c144228b3eba469cacdb11~mv2.png/v1/crop/x_105%2Cy_846%2Cw_2583%2Ch_1229/fill/w_1618%2Ch_772%2Cfp_0.50_0.50%2Cq_90%2Cusm_0.66_1.00_0.01%2Cenc_avif%2Cquality_auto/DrAD_Traditional_Contemporary_v4-08%20copy.png,315081,/Users/oliver/Documents/New project/wix-export-20260528-clean/organized_dedup/logos/39e1568621_DrAD_Traditional_Contemporary_v4-08_copy.png
logos,DrAD_Traditional_Contemporary_v4_Grey-09_copy.png,https://static.wixstatic.com/media/4ff282_5409db6a40924ddf9e99c6944a290821~mv2.png/v1/fill/w_1618%2Ch_772%2Cal_c%2Cq_90%2Cusm_0.66_1.00_0.01%2Cenc_avif%2Cquality_auto/DrAD_Traditional_Contemporary_v4_Grey-09%20copy.png,130070,/Users/oliver/Documents/New project/wix-export-20260528-clean/organized_dedup/logos/3796771fd1_DrAD_Traditional_Contemporary_v4_Grey-09_copy.png
logos,DrAD_Traditional_Contemporary_v4_Grey-10_copy.png,https://static.wixstatic.com/media/4ff282_65651675508b43c2ad668f8d71e64009~mv2.png/v1/crop/x_0%2Cy_713%2Cw_2900%2Ch_1380/fill/w_1618%2Ch_772%2Cfp_0.50_0.50%2Cq_90%2Cusm_0.66_1.00_0.01%2Cenc_avif%2Cquality_auto/DrAD_Traditional_Contemporary_v4_Grey-10%20copy.png,170234,/Users/oliver/Documents/New project/wix-export-20260528-clean/organized_dedup/logos/16298a3e62_DrAD_Traditional_Contemporary_v4_Grey-10_copy.png
logos,PharmacyLogoGrey_Small_copy.png,https://static.wixstatic.com/media/4ff282_ff108f49b5e5457e97fb2e89c6bd50ed~mv2.png/v1/crop/x_2%2Cy_0%2Cw_439%2Ch_303/fill/w_110%2Ch_76%2Cal_c%2Cq_85%2Cusm_0.66_1.00_0.01%2Cblur_2%2Cenc_avif%2Cquality_auto/PharmacyLogoGrey_Small%20copy.png,16204,/Users/oliver/Documents/New project/wix-export-20260528-clean/organized_dedup/logos/fe51180ba6_PharmacyLogoGrey_Small_copy.png
